,TIME_STAMP,SPEED_VG,SPEED_LW
0,2017-04-02 18:40:00,14.758333206176758,14.994416236877441
1,2017-04-02 19:00:00,14.814166069030762,15.00724983215332
2,2017-04-02 19:20:00,14.686554908752441,14.95638656616211
3,2017-04-02 19:40:00,14.729999542236328,15.013999938964844
4,2017-04-02 20:00:00,14.705833435058594,15.008166313171387
5,2017-04-02 20:20:00,14.757499694824219,15.033249855041504
6,2017-04-02 20:40:00,14.893333435058594,15.047916412353516
7,2017-04-02 21:00:00,15.117500305175781,14.928250312805176
8,2017-04-02 21:40:00,15.338333129882812,14.878833770751953
9,2017-04-04 11:20:00,14.551667213439941,14.885916709899902
10,2017-04-04 11:40:00,14.512499809265137,14.984416961669922
11,2017-04-04 12:00:00,14.210833549499512,14.959083557128906
12,2017-04-04 12:20:00,13.895833015441895,14.753250122070312
13,2017-04-04 13:40:00,14.500833511352539,14.800999641418457
14,2017-04-04 14:00:00,14.622689247131348,14.887478828430176
15,2017-04-04 14:20:00,14.505833625793457,14.897749900817871
16,2017-04-04 14:40:00,14.932499885559082,15.10283374786377
17,2017-04-04 15:00:00,14.889166831970215,14.952750205993652
18,2017-04-04 15:20:00,15.130833625793457,15.114250183105469
19,2017-04-04 15:40:00,14.814166069030762,15.053999900817871
20,2017-05-16 07:00:00,13.11500072479248,13.177833557128906
21,2017-05-16 07:20:00,13.393333435058594,13.255000114440918
22,2017-05-16 07:40:00,13.390755653381348,13.29991626739502
23,2017-05-16 08:00:00,13.293333053588867,13.277000427246094
24,2017-05-16 08:20:00,13.208333015441895,13.252249717712402
25,2017-05-16 08:40:00,13.419166564941406,13.219583511352539
26,2017-05-16 09:00:00,13.584166526794434,13.231833457946777
27,2017-05-16 09:20:00,13.599166870117188,13.266166687011719
28,2017-05-16 09:40:00,13.643333435058594,13.293167114257812
29,2017-05-16 10:00:00,13.71500015258789,13.280750274658203
30,2017-05-16 10:20:00,13.939496040344238,13.242940902709961
31,2017-05-16 10:40:00,14.09416675567627,13.287666320800781
32,2017-05-16 11:00:00,13.758333206176758,13.281167030334473
33,2017-05-16 11:20:00,13.624166488647461,13.320250511169434
34,2017-05-16 11:40:00,13.657500267028809,13.305500030517578
35,2017-05-16 12:00:00,13.679166793823242,13.33133316040039
36,2017-05-16 12:20:00,13.558333396911621,13.397749900817871
37,2017-05-16 12:40:00,13.444999694824219,13.407833099365234
38,2017-05-16 13:00:00,13.233333587646484,13.306917190551758
39,2017-05-16 13:20:00,13.449580192565918,13.273025512695312
40,2017-05-16 13:40:00,13.814167022705078,13.286582946777344
41,2017-05-16 14:00:00,14.135833740234375,13.433666229248047
42,2017-05-16 14:20:00,13.685832977294922,13.39466667175293
43,2017-05-16 14:40:00,13.466666221618652,13.37891674041748
44,2017-05-16 15:00:00,13.324999809265137,13.34433364868164
45,2017-05-16 15:20:00,13.540833473205566,13.268083572387695
46,2017-05-16 15:40:00,13.782500267028809,13.39091682434082
47,2017-05-16 16:00:00,13.714285850524902,13.448907852172852
48,2017-05-16 16:20:00,13.542500495910645,13.41825008392334
49,2017-05-16 16:40:00,13.566666603088379,13.371000289916992
50,2017-05-16 17:00:00,13.640833854675293,13.406332969665527
51,2017-05-16 17:20:00,13.598333358764648,13.345166206359863
52,2017-05-16 17:40:00,13.582500457763672,13.41116714477539
53,2017-05-16 18:00:00,13.463333129882812,13.436083793640137
54,2017-05-16 18:20:00,13.423333168029785,13.42158317565918
55,2017-05-16 18:40:00,13.300000190734863,13.544666290283203
56,2017-05-16 19:00:00,13.038655281066895,13.521596908569336
57,2017-05-16 19:20:00,13.09083366394043,13.466083526611328
58,2017-05-16 19:40:00,13.245833396911621,13.449832916259766
59,2017-05-16 20:00:00,13.213333129882812,13.527083396911621
60,2017-05-16 20:20:00,13.254166603088379,13.362916946411133
61,2017-05-16 20:40:00,13.388333320617676,13.43316650390625
62,2017-05-16 21:00:00,13.234999656677246,13.538749694824219
63,2017-05-16 21:20:00,12.935832977294922,13.504416465759277
64,2017-05-16 21:40:00,12.7932767868042,13.409832000732422
65,2017-05-16 22:00:00,13.244166374206543,13.411582946777344
66,2017-05-16 22:20:00,13.34416675567627,13.458916664123535
67,2017-05-16 22:40:00,13.71166706085205,13.345999717712402
68,2017-05-16 23:00:00,14.224166870117188,13.441583633422852
69,2017-05-16 23:20:00,14.291666984558105,13.568916320800781
70,2017-05-16 23:40:00,13.925833702087402,13.590749740600586
71,2017-05-17 00:00:00,13.81637954711914,13.58629322052002
72,2017-05-17 00:20:00,13.925000190734863,13.476750373840332
73,2017-05-17 00:40:00,13.920832633972168,13.513333320617676
74,2017-05-17 01:00:00,13.849166870117188,13.607583045959473
75,2017-05-17 01:20:00,13.725000381469727,13.547333717346191
76,2017-05-17 01:40:00,13.629166603088379,13.568833351135254
77,2017-05-17 02:00:00,13.524999618530273,13.60433292388916
78,2017-05-17 02:20:00,13.525833129882812,13.493083000183105
79,2017-05-17 02:40:00,13.684033393859863,13.564789772033691
80,2017-05-17 03:00:00,13.856666564941406,13.527750015258789
81,2017-05-17 03:20:00,13.970832824707031,13.596583366394043
82,2017-05-17 03:40:00,13.894165992736816,13.628250122070312
83,2017-05-17 04:00:00,14.004166603088379,13.595749855041504
84,2017-05-17 04:20:00,14.0024995803833,13.674166679382324
85,2017-05-17 04:40:00,14.237500190734863,13.592416763305664
86,2017-05-17 05:00:00,14.150833129882812,13.699250221252441
87,2017-05-17 05:20:00,14.278151512145996,13.673445701599121
88,2017-05-17 05:40:00,14.258333206176758,13.59433364868164
89,2017-05-17 06:00:00,14.049166679382324,13.641416549682617
90,2017-05-17 06:20:00,14.043333053588867,13.590749740600586
91,2017-05-17 06:40:00,13.748332977294922,13.621500015258789
92,2017-05-17 07:00:00,13.625833511352539,13.555999755859375
93,2017-05-17 07:20:00,13.62166690826416,13.545583724975586
94,2017-05-17 07:40:00,13.68416690826416,13.43791675567627
95,2017-05-17 08:00:00,13.620833396911621,13.519332885742188
96,2017-05-17 08:20:00,13.405882835388184,13.55949592590332
97,2017-05-17 08:40:00,13.362500190734863,13.468916893005371
98,2017-05-17 09:00:00,13.431666374206543,13.567999839782715
99,2017-05-17 09:20:00,13.319999694824219,13.519083023071289
100,2017-05-17 09:40:00,13.379166603088379,13.44225025177002
101,2017-05-17 10:00:00,13.47166633605957,13.438333511352539
102,2017-05-17 10:20:00,13.595000267028809,13.493499755859375
103,2017-05-17 10:40:00,13.640833854675293,13.485750198364258
104,2017-05-17 11:00:00,13.719327926635742,13.487814903259277
105,2017-05-17 11:20:00,13.723333358764648,13.443249702453613
106,2017-05-17 11:40:00,13.9375,13.418000221252441
107,2017-05-17 12:00:00,13.860833168029785,13.462333679199219
108,2017-05-17 12:20:00,13.552499771118164,13.511500358581543
109,2017-05-17 12:40:00,13.322500228881836,13.451749801635742
110,2017-05-17 13:00:00,13.421666145324707,13.350666999816895
111,2017-05-17 13:20:00,13.59333324432373,13.42116641998291
112,2017-05-17 13:40:00,13.808403015136719,13.43420124053955
113,2017-05-17 14:00:00,13.973333358764648,13.457083702087402
114,2017-05-17 14:20:00,13.894999504089355,13.495416641235352
115,2017-05-17 14:40:00,13.935832977294922,13.402083396911621
116,2017-05-17 15:00:00,13.914999961853027,13.586333274841309
117,2017-05-17 15:20:00,13.47249984741211,13.533499717712402
118,2017-05-17 15:40:00,13.349166870117188,13.474333763122559
119,2017-05-17 16:00:00,13.085833549499512,13.449250221252441
120,2017-05-17 16:20:00,13.15250015258789,13.461750030517578
121,2017-05-17 17:20:00,13.769166946411133,13.637499809265137
122,2017-05-17 17:40:00,13.90999984741211,13.60083293914795
123,2017-05-17 21:20:00,14.52750015258789,13.360833168029785
124,2017-05-17 21:40:00,15.134166717529297,13.64525032043457
125,2017-05-18 03:00:00,13.417499542236328,13.638333320617676
126,2017-05-18 05:40:00,13.452499389648438,13.548500061035156
127,2017-05-19 06:20:00,13.210000038146973,13.511333465576172
128,2017-05-29 04:00:00,13.645833969116211,13.442999839782715
129,2017-05-29 04:20:00,13.78499984741211,13.36833381652832
130,2017-05-29 04:40:00,13.770833015441895,13.415583610534668
131,2017-05-29 05:00:00,13.677499771118164,13.3725004196167
132,2017-05-29 05:20:00,13.55294132232666,13.364453315734863
133,2017-05-29 05:40:00,13.27833366394043,13.381250381469727
134,2017-05-29 06:00:00,13.266666412353516,13.420499801635742
135,2017-05-29 06:20:00,13.412500381469727,13.348833084106445
136,2017-05-29 06:40:00,13.548333168029785,13.367666244506836
137,2017-05-29 07:00:00,13.579999923706055,13.4263334274292
138,2017-05-29 07:20:00,13.454166412353516,13.47700023651123
139,2017-05-29 07:40:00,13.505000114440918,13.392499923706055
140,2017-05-29 08:00:00,13.490756034851074,13.331596374511719
141,2017-05-29 08:20:00,13.600000381469727,13.326083183288574
142,2017-05-29 08:40:00,13.43416690826416,13.352167129516602
143,2017-05-29 09:00:00,13.333333015441895,13.293999671936035
144,2017-05-29 09:20:00,13.501667022705078,13.357916831970215
145,2017-05-29 09:40:00,13.444999694824219,13.412166595458984
146,2017-05-29 10:00:00,13.385833740234375,13.285499572753906
147,2017-05-29 10:20:00,13.564167022705078,13.339500427246094
148,2017-05-29 10:40:00,13.830251693725586,13.307815551757812
149,2017-05-29 11:00:00,13.623333930969238,13.517582893371582
150,2017-05-29 11:20:00,13.445833206176758,13.392916679382324
151,2017-05-29 11:40:00,13.273333549499512,13.398750305175781
152,2017-05-29 12:00:00,13.450833320617676,13.310750007629395
153,2017-05-29 12:20:00,13.671667098999023,13.46541690826416
154,2017-05-29 12:40:00,13.795000076293945,13.460749626159668
155,2017-05-29 13:00:00,13.598333358764648,13.470832824707031
156,2017-05-29 13:20:00,13.493332862854004,13.401249885559082
157,2017-05-29 13:40:00,13.551260948181152,13.35932731628418
158,2017-05-29 14:00:00,13.630833625793457,13.354499816894531
159,2017-05-29 14:20:00,13.638333320617676,13.495333671569824
160,2017-05-29 14:40:00,13.673333168029785,13.381083488464355
161,2017-05-29 15:00:00,13.567500114440918,13.435832977294922
162,2017-05-29 15:20:00,13.491666793823242,13.45300006866455
163,2017-05-29 15:40:00,13.341667175292969,13.393416404724121
164,2017-05-29 16:00:00,13.423333168029785,13.404333114624023
165,2017-05-29 16:20:00,13.560503959655762,13.329327583312988
166,2017-05-29 16:40:00,13.545000076293945,13.337082862854004
167,2017-05-29 17:00:00,13.579167366027832,13.25533390045166
168,2017-05-29 17:20:00,13.529166221618652,13.593833923339844
169,2017-05-29 17:40:00,13.480833053588867,13.405083656311035
170,2017-05-29 18:00:00,13.579166412353516,13.314416885375977
171,2017-05-29 18:20:00,13.4399995803833,13.220417022705078
172,2017-05-29 18:40:00,13.416666030883789,13.149333000183105
173,2017-05-29 19:00:00,13.465546607971191,13.185042381286621
174,2017-05-29 19:20:00,13.491666793823242,13.204166412353516
175,2017-05-29 19:40:00,13.570833206176758,13.432499885559082
176,2017-05-29 20:00:00,13.50333309173584,13.300000190734863
177,2017-05-29 20:20:00,13.519166946411133,13.337166786193848
178,2017-05-29 20:40:00,13.69083309173584,13.273333549499512
179,2017-05-29 21:00:00,13.602499961853027,13.33650016784668
180,2017-05-29 21:20:00,13.580833435058594,13.410666465759277
181,2017-05-29 21:40:00,13.348739624023438,13.421512603759766
182,2017-05-29 22:00:00,13.414166450500488,13.30958366394043
183,2017-05-29 22:20:00,12.943333625793457,13.301833152770996
184,2017-05-29 22:40:00,12.824999809265137,13.232000350952148
185,2017-05-29 23:00:00,12.96166706085205,13.09666633605957
186,2017-06-28 04:20:00,15.547500610351562,14.85616683959961
187,2017-06-28 04:40:00,15.589166641235352,14.919249534606934
188,2017-06-28 05:00:00,15.462499618530273,14.907416343688965
189,2017-06-28 05:20:00,15.559663772583008,14.867226600646973
190,2017-06-28 05:40:00,15.692500114440918,14.967249870300293
191,2017-06-28 06:00:00,15.770000457763672,14.981082916259766
192,2017-06-28 06:20:00,15.845000267028809,14.909417152404785
193,2017-06-28 06:40:00,15.72249984741211,14.870916366577148
194,2017-06-28 07:00:00,15.773333549499512,14.815333366394043
195,2017-06-28 07:20:00,15.494999885559082,14.91016674041748
196,2017-06-28 07:40:00,15.578332901000977,14.83358383178711
197,2017-06-28 08:00:00,15.385832786560059,15.01449966430664
198,2017-06-28 08:20:00,15.024370193481445,14.840084075927734
199,2017-06-28 08:40:00,15.130000114440918,14.932666778564453
200,2017-06-28 09:00:00,15.225000381469727,14.9486665725708
201,2017-06-28 09:20:00,15.231666564941406,14.909832954406738
202,2017-06-28 09:40:00,15.212499618530273,14.935750007629395
203,2017-06-28 10:00:00,15.345832824707031,14.828499794006348
204,2017-06-28 10:20:00,15.787500381469727,14.872249603271484
205,2017-06-28 10:40:00,16.109167098999023,14.90766716003418
206,2017-06-28 11:00:00,16.006723403930664,15.014705657958984
207,2017-06-28 11:20:00,15.992500305175781,15.07699966430664
208,2017-06-28 11:40:00,15.697500228881836,15.001999855041504
209,2017-06-28 12:00:00,15.619999885559082,14.9149169921875
210,2017-06-28 12:20:00,15.770000457763672,14.960833549499512
211,2017-06-28 12:40:00,15.515833854675293,15.155500411987305
212,2017-06-28 13:00:00,14.928333282470703,14.964166641235352
213,2017-06-28 13:20:00,14.90666675567627,14.96816635131836
214,2017-06-28 13:40:00,14.901680946350098,15.009495735168457
215,2017-06-28 14:00:00,14.799166679382324,14.965499877929688
216,2017-06-28 14:20:00,14.793333053588867,14.966083526611328
217,2017-06-28 14:40:00,14.788333892822266,14.986000061035156
218,2017-06-28 15:00:00,14.78083324432373,14.973833084106445
219,2017-06-28 15:20:00,14.9375,15.011666297912598
220,2017-06-28 15:40:00,14.90999984741211,15.004416465759277
221,2017-06-28 16:00:00,14.923333168029785,14.986749649047852
222,2017-06-28 16:20:00,14.831666946411133,14.906749725341797
223,2017-06-28 16:40:00,14.942856788635254,14.93823528289795
224,2017-06-28 17:00:00,14.825833320617676,15.005583763122559
225,2017-06-28 17:20:00,14.823333740234375,14.888667106628418
226,2017-06-28 17:40:00,14.97583293914795,14.96833324432373
227,2017-06-28 18:00:00,14.875,14.96833324432373
228,2017-06-28 18:20:00,14.743332862854004,14.854083061218262
229,2017-06-28 18:40:00,14.620833396911621,14.819000244140625
230,2017-06-28 19:00:00,14.58666706085205,14.812833786010742
231,2017-06-28 19:20:00,14.844537734985352,14.883949279785156
232,2017-06-28 19:40:00,15.091666221618652,14.797833442687988
233,2017-06-28 20:00:00,15.297500610351562,14.848750114440918
234,2017-06-28 20:20:00,15.328332901000977,14.858750343322754
235,2017-06-28 20:40:00,15.1875,14.963250160217285
236,2017-06-28 21:00:00,15.0024995803833,14.849583625793457
237,2017-06-28 21:20:00,14.924166679382324,14.873499870300293
238,2017-06-28 21:40:00,15.058333396911621,14.934082984924316
239,2017-06-28 22:00:00,15.019328117370605,14.842857360839844
240,2017-06-28 22:20:00,15.098333358764648,14.869250297546387
241,2017-06-28 22:40:00,15.025833129882812,14.808917045593262
242,2017-06-28 23:00:00,15.009166717529297,14.869000434875488
243,2017-06-28 23:20:00,14.986666679382324,14.838083267211914
244,2017-06-28 23:40:00,14.99666690826416,15.025333404541016
245,2017-06-29 00:00:00,14.921551704406738,15.04741382598877
246,2017-06-29 00:20:00,14.908332824707031,14.943166732788086
247,2017-06-29 00:40:00,14.900833129882812,14.907666206359863
248,2017-06-29 01:00:00,15.09083366394043,15.05875015258789
249,2017-06-29 01:20:00,15.067500114440918,14.853583335876465
250,2017-06-29 01:40:00,15.098333358764648,14.947667121887207
251,2017-06-29 02:00:00,15.033333778381348,14.864333152770996
252,2017-06-29 02:20:00,15.050419807434082,14.737311363220215
253,2017-06-29 02:40:00,15.375833511352539,14.941583633422852
254,2017-06-29 03:00:00,15.859999656677246,14.949832916259766
255,2017-06-29 03:20:00,15.96583366394043,15.089583396911621
256,2017-06-29 03:40:00,15.838333129882812,15.15524959564209
257,2017-06-29 05:40:00,15.725000381469727,15.087583541870117
258,2017-06-29 06:00:00,15.55666732788086,15.15149974822998
259,2017-06-29 06:20:00,15.454999923706055,15.224833488464355
260,2017-06-29 06:40:00,15.141666412353516,15.009750366210938
261,2017-06-29 07:00:00,15.326666831970215,14.973416328430176
262,2017-06-29 07:20:00,15.489999771118164,14.99275016784668
263,2017-06-29 07:40:00,15.62100887298584,14.942353248596191
264,2017-06-29 08:00:00,15.768333435058594,15.03616714477539
265,2017-06-29 08:20:00,15.748332977294922,15.089249610900879
266,2017-06-29 08:40:00,15.620833396911621,15.107749938964844
267,2017-06-29 09:00:00,15.635833740234375,15.03225040435791
268,2017-06-29 09:20:00,15.84749984741211,15.085583686828613
269,2017-06-29 09:40:00,16.003334045410156,15.08666706085205
270,2017-06-29 10:00:00,16.21000099182129,15.081250190734863
271,2017-06-29 10:20:00,16.248332977294922,15.0912504196167
272,2017-06-29 13:20:00,16.02857208251953,15.114957809448242
273,2017-06-29 15:00:00,15.524999618530273,15.126832962036133
274,2017-06-29 15:20:00,15.610833168029785,14.972249984741211
275,2017-06-29 19:00:00,17.719327926635742,14.752100944519043
276,2017-06-29 19:20:00,17.869165420532227,14.868000030517578
277,2017-06-29 19:40:00,17.88249969482422,14.97783374786377
278,2017-06-29 20:00:00,17.070833206176758,14.888083457946777
279,2017-06-29 20:20:00,17.176666259765625,15.066333770751953
280,2017-06-29 20:40:00,15.466667175292969,14.83608341217041
281,2017-06-29 21:00:00,15.501667022705078,14.864500045776367
282,2017-06-29 21:20:00,15.209166526794434,14.804499626159668
283,2017-06-29 21:40:00,14.894957542419434,14.639328002929688
284,2017-06-29 22:00:00,15.137499809265137,14.67691707611084
285,2017-06-29 22:20:00,15.44416618347168,14.807250022888184
286,2017-06-29 22:40:00,15.303333282470703,14.678000450134277
287,2017-06-29 23:00:00,15.268333435058594,14.813166618347168
288,2017-06-29 23:20:00,15.127500534057617,14.787833213806152
289,2017-06-29 23:40:00,15.393333435058594,15.003166198730469
290,2017-06-30 01:20:00,15.19416618347168,15.14091682434082
291,2017-07-07 00:40:00,14.90666675567627,14.836166381835938
292,2017-07-07 01:00:00,15.014166831970215,14.806166648864746
293,2017-07-07 01:20:00,14.998332977294922,14.811249732971191
294,2017-07-07 01:40:00,15.05583381652832,14.772083282470703
295,2017-07-07 02:20:00,15.00504207611084,14.918992042541504
296,2017-07-07 02:40:00,15.134166717529297,14.956250190734863
297,2017-07-07 03:00:00,14.883333206176758,14.948583602905273
298,2017-07-07 03:20:00,14.865833282470703,14.893333435058594
299,2017-07-07 03:40:00,14.897500038146973,14.884583473205566
300,2017-07-07 04:00:00,15.005000114440918,14.934666633605957
301,2017-07-07 04:20:00,15.09083366394043,14.919500350952148
302,2017-07-07 04:40:00,15.148333549499512,14.898833274841309
303,2017-07-07 05:00:00,15.308403015136719,14.893613815307617
304,2017-07-07 05:20:00,15.407500267028809,14.845166206359863
305,2017-07-07 05:40:00,15.394999504089355,14.835833549499512
306,2017-07-07 06:00:00,15.252500534057617,14.90291690826416
307,2017-07-07 06:20:00,15.116666793823242,14.892582893371582
308,2017-07-07 06:40:00,15.069167137145996,14.895000457763672
309,2017-07-07 07:00:00,14.796666145324707,14.84416675567627
310,2017-07-07 07:20:00,14.774999618530273,14.84749984741211
311,2017-07-07 07:40:00,14.576666831970215,14.799750328063965
312,2017-07-07 08:00:00,14.557143211364746,14.75
313,2017-07-07 08:20:00,14.614167213439941,14.748666763305664
314,2017-07-07 08:40:00,14.404999732971191,14.82075023651123
315,2017-07-07 09:00:00,14.414166450500488,14.746000289916992
316,2017-07-07 09:20:00,14.494166374206543,14.846083641052246
317,2017-07-07 09:40:00,14.565834045410156,14.85575008392334
318,2017-07-07 10:00:00,14.638333320617676,14.839583396911621
319,2017-07-07 10:20:00,14.854166984558105,14.947500228881836
320,2017-07-07 10:40:00,14.989075660705566,14.944622039794922
321,2017-07-07 11:00:00,15.089166641235352,15.0200834274292
322,2017-07-07 11:20:00,15.15583324432373,14.99625015258789
323,2017-07-07 11:40:00,14.979999542236328,15.009750366210938
324,2017-07-07 12:00:00,14.88166618347168,14.939583778381348
325,2017-07-07 12:20:00,15.21583366394043,14.937582969665527
326,2017-07-07 12:40:00,15.315000534057617,14.970833778381348
327,2017-07-07 13:00:00,15.258333206176758,14.876083374023438
328,2017-07-07 13:20:00,15.314285278320312,14.835125923156738
329,2017-07-07 13:40:00,15.446666717529297,14.854416847229004
330,2017-07-08 00:00:00,15.137930870056152,15.067500114440918
331,2017-07-08 00:20:00,15.260833740234375,15.02733325958252
332,2017-07-08 00:40:00,15.125,15.102582931518555
333,2017-07-08 01:00:00,15.011666297912598,14.961000442504883
334,2017-07-08 01:20:00,15.171666145324707,14.985917091369629
335,2017-07-08 01:40:00,15.032500267028809,14.901249885559082
336,2017-07-08 02:00:00,15.095000267028809,14.964750289916992
337,2017-07-08 02:20:00,15.134166717529297,15.047082901000977
338,2017-07-08 02:40:00,14.954621315002441,15.058067321777344
339,2017-07-08 03:00:00,15.21833324432373,14.94516658782959
340,2017-07-08 03:20:00,15.260000228881836,14.98175048828125
341,2017-07-08 03:40:00,15.240833282470703,15.044917106628418
342,2017-07-08 04:00:00,15.300833702087402,14.96933364868164
343,2017-07-08 04:20:00,15.462499618530273,15.000916481018066
344,2017-07-08 04:40:00,15.208333015441895,14.991416931152344
345,2017-07-08 05:00:00,15.324999809265137,14.894000053405762
346,2017-07-08 05:20:00,15.33697509765625,14.919243812561035
347,2017-07-08 05:40:00,15.22583293914795,14.991416931152344
348,2017-07-08 06:00:00,15.02416706085205,14.983416557312012
349,2017-07-08 06:20:00,14.921666145324707,14.87458324432373
350,2017-07-08 06:40:00,15.115833282470703,14.76550006866455
351,2017-07-08 07:00:00,15.379166603088379,14.910083770751953
352,2017-07-08 07:20:00,15.491666793823242,14.904833793640137
353,2017-07-08 07:40:00,15.360833168029785,14.936750411987305
354,2017-07-08 08:00:00,15.158333778381348,14.943249702453613
355,2017-07-08 08:20:00,14.989075660705566,14.872184753417969
356,2017-07-08 08:40:00,14.848333358764648,14.794166564941406
357,2017-07-08 09:00:00,14.845832824707031,14.788249969482422
358,2017-07-08 09:20:00,14.702500343322754,14.885666847229004
359,2017-07-08 09:40:00,14.607500076293945,14.78066635131836
360,2017-08-11 15:00:00,15.745044708251953,14.492072105407715
361,2017-08-11 15:20:00,15.661666870117188,14.6587495803833
362,2017-08-11 15:40:00,15.805000305175781,14.623583793640137
363,2017-08-11 16:00:00,15.807499885559082,14.620583534240723
364,2017-08-11 16:20:00,15.53499984741211,14.684749603271484
365,2017-08-11 16:40:00,15.147899627685547,14.529075622558594
366,2017-08-11 17:00:00,15.318333625793457,14.512249946594238
367,2017-08-11 17:20:00,15.547499656677246,14.567000389099121
368,2017-08-11 17:40:00,15.159167289733887,14.569666862487793
369,2017-08-11 18:00:00,15.091667175292969,14.595666885375977
370,2017-08-11 18:20:00,15.341666221618652,14.525250434875488
371,2017-08-11 18:40:00,15.226666450500488,14.615416526794434
372,2017-08-11 19:00:00,15.448333740234375,14.550833702087402
373,2017-08-11 19:20:00,15.40420150756836,14.656554222106934
374,2017-08-11 19:40:00,15.179166793823242,14.613333702087402
375,2017-08-11 20:00:00,15.40333366394043,14.611416816711426
376,2017-08-11 20:20:00,15.272500038146973,14.625082969665527
377,2017-08-11 20:40:00,15.146666526794434,14.578999519348145
378,2017-08-11 21:00:00,15.169166564941406,14.494833946228027
379,2017-08-11 21:20:00,15.306666374206543,14.529582977294922
380,2017-08-11 21:40:00,15.105833053588867,14.77025032043457
381,2017-08-11 22:00:00,14.843697547912598,14.45134449005127
382,2017-08-11 22:20:00,14.84999942779541,14.529999732971191
383,2017-08-11 22:40:00,14.810832977294922,14.76866626739502
384,2017-08-11 23:00:00,14.932499885559082,14.5337495803833
385,2017-08-11 23:20:00,15.024999618530273,14.576000213623047
386,2017-08-11 23:40:00,14.819999694824219,14.6649169921875
387,2017-08-12 00:00:00,14.475862503051758,14.750258445739746
388,2017-08-12 00:20:00,14.217499732971191,14.59749984741211
389,2017-08-12 00:40:00,14.46583366394043,14.5399169921875
390,2017-08-12 01:00:00,14.635000228881836,14.54033374786377
391,2017-08-12 01:20:00,14.535833358764648,14.579750061035156
392,2017-08-12 01:40:00,14.625833511352539,14.64175033569336
393,2017-08-12 02:00:00,14.49666690826416,14.662416458129883
394,2017-08-12 02:20:00,14.327731132507324,14.58546257019043
395,2017-08-12 02:40:00,14.616666793823242,14.481583595275879
396,2017-08-12 03:00:00,14.731666564941406,14.533499717712402
397,2017-08-12 03:20:00,14.823333740234375,14.572250366210938
398,2017-08-12 03:40:00,14.831666946411133,14.62600040435791
399,2017-08-12 04:00:00,14.90583324432373,14.575916290283203
400,2017-08-12 04:20:00,14.8774995803833,14.317749977111816
401,2017-08-12 04:40:00,14.901666641235352,14.523666381835938
402,2017-08-12 05:00:00,14.760504722595215,14.41504192352295
403,2017-08-12 05:20:00,14.854166984558105,14.106416702270508
404,2017-08-12 05:40:00,15.233333587646484,13.86733341217041
405,2017-08-12 06:00:00,15.095833778381348,8.659000396728516
406,2017-08-12 06:20:00,15.022500038146973,8.887249946594238
407,2017-08-12 06:40:00,14.81583309173584,14.418416976928711
408,2017-08-12 07:00:00,14.770833015441895,14.342583656311035
409,2017-08-12 07:20:00,14.947500228881836,14.392000198364258
410,2017-08-12 07:40:00,14.960000038146973,14.37933349609375
411,2017-08-12 08:00:00,14.956302642822266,14.416638374328613
412,2017-08-12 08:20:00,14.807499885559082,14.378167152404785
413,2017-08-12 08:40:00,14.954166412353516,14.425000190734863
414,2017-08-12 09:00:00,14.973333358764648,14.511833190917969
415,2017-08-12 09:20:00,14.991666793823242,14.494000434875488
416,2017-08-12 09:40:00,15.013333320617676,14.531749725341797
417,2017-08-12 10:00:00,14.956666946411133,14.329333305358887
418,2017-08-12 10:20:00,14.999166488647461,14.494000434875488
419,2017-08-12 10:40:00,15.108403205871582,14.373697280883789
420,2017-08-12 11:00:00,15.101666450500488,14.326000213623047
421,2017-08-12 11:20:00,15.380833625793457,14.565999984741211
422,2017-08-12 11:40:00,15.257499694824219,14.517499923706055
423,2017-08-12 12:00:00,15.21583366394043,14.518333435058594
424,2017-08-12 12:20:00,14.994999885559082,14.524333000183105
425,2017-08-12 12:40:00,14.993332862854004,14.500249862670898
426,2017-08-12 13:00:00,15.077500343322754,14.545666694641113
427,2017-08-12 13:20:00,15.224370002746582,14.576302528381348
428,2017-08-12 13:40:00,14.94416618347168,14.55008316040039
429,2017-08-12 14:00:00,14.889999389648438,14.531916618347168
430,2017-08-12 14:20:00,14.907499313354492,14.479499816894531
431,2017-08-12 14:40:00,14.963333129882812,14.312333106994629
432,2017-08-12 15:00:00,15.040833473205566,14.392749786376953
433,2017-08-12 15:20:00,15.085000038146973,14.356749534606934
434,2017-08-12 15:40:00,14.946666717529297,14.429583549499512
435,2017-08-12 16:00:00,14.985833168029785,14.315999984741211
436,2017-08-12 16:20:00,14.887394905090332,14.527898788452148
437,2017-08-12 16:40:00,14.733333587646484,14.500916481018066
438,2017-08-12 17:00:00,14.854166030883789,14.42074966430664
439,2017-08-12 17:20:00,14.644166946411133,14.410750389099121
440,2017-08-12 17:40:00,14.825833320617676,14.477250099182129
441,2017-08-12 18:00:00,15.010000228881836,14.506166458129883
442,2017-08-12 18:20:00,14.900833129882812,14.514583587646484
443,2017-08-12 18:40:00,14.914999961853027,14.358583450317383
444,2017-08-12 19:00:00,15.001680374145508,14.527395248413086
445,2017-08-12 19:20:00,14.94416618347168,14.516249656677246
446,2017-08-12 19:40:00,14.899999618530273,14.517999649047852
447,2017-08-12 20:00:00,14.96833324432373,14.46208381652832
448,2017-08-12 20:20:00,14.884166717529297,14.538000106811523
449,2017-08-12 20:40:00,14.762499809265137,14.469083786010742
450,2017-08-12 21:00:00,14.550000190734863,14.470999717712402
451,2017-08-12 21:20:00,14.3774995803833,14.446083068847656
452,2017-08-12 21:40:00,14.27833366394043,14.50808334350586
453,2017-08-12 22:00:00,14.151260375976562,14.59201717376709
454,2017-08-12 22:20:00,14.039166450500488,14.423833847045898
455,2017-08-12 22:40:00,13.889166831970215,14.458832740783691
456,2017-08-12 23:00:00,13.954999923706055,14.479083061218262
457,2017-08-12 23:20:00,13.984999656677246,14.46833324432373
458,2017-08-12 23:40:00,14.022500038146973,14.549083709716797
459,2017-08-13 00:00:00,14.090517044067383,14.379137992858887
460,2017-08-13 00:20:00,14.357500076293945,14.305916786193848
461,2017-08-13 00:40:00,14.475000381469727,14.536749839782715
462,2017-08-13 01:00:00,14.44333267211914,14.737750053405762
463,2017-08-13 01:20:00,14.446666717529297,14.536833763122559
464,2017-08-13 01:40:00,14.521666526794434,14.60200023651123
465,2017-08-13 02:00:00,14.429166793823242,14.611833572387695
466,2017-08-13 02:20:00,14.405041694641113,14.6224365234375
467,2017-08-13 02:40:00,14.401666641235352,14.562416076660156
468,2017-08-13 03:00:00,14.470000267028809,14.573166847229004
469,2017-08-13 03:20:00,14.553333282470703,14.231666564941406
470,2017-08-13 03:40:00,14.567500114440918,14.127166748046875
471,2017-08-13 04:00:00,14.626667022705078,14.26924991607666
472,2017-08-13 04:20:00,14.751667022705078,14.351249694824219
473,2017-08-13 04:40:00,14.744166374206543,14.120416641235352
474,2017-08-13 05:00:00,14.701680183410645,14.15495777130127
475,2017-08-13 05:20:00,14.571666717529297,14.174749374389648
476,2017-08-13 05:40:00,14.533333778381348,14.25825023651123
477,2017-08-13 06:00:00,14.478333473205566,14.3861665725708
478,2017-08-13 06:20:00,14.359166145324707,14.628499984741211
479,2017-08-13 06:40:00,14.244166374206543,14.563833236694336
480,2017-08-13 07:00:00,14.325833320617676,14.515417098999023
481,2017-08-13 07:20:00,14.487500190734863,14.513333320617676
482,2017-08-13 07:40:00,14.650420188903809,14.640168190002441
483,2017-08-13 08:00:00,14.686666488647461,14.497416496276855
484,2017-08-13 08:20:00,14.81583309173584,14.65149974822998
485,2017-08-13 08:40:00,14.865833282470703,14.20199966430664
486,2017-08-13 09:00:00,14.889166831970215,14.146833419799805
487,2017-08-13 09:20:00,15.124166488647461,14.230250358581543
488,2017-08-13 09:40:00,15.131667137145996,14.357416152954102
489,2017-08-13 10:00:00,15.035833358764648,14.259166717529297
490,2017-08-13 10:20:00,14.78833293914795,14.268583297729492
491,2017-08-13 10:40:00,14.868066787719727,14.35932731628418
492,2017-08-13 11:00:00,14.889999389648438,14.466416358947754
493,2017-08-13 11:20:00,14.9375,14.611833572387695
494,2017-08-13 11:40:00,15.017499923706055,14.491999626159668
495,2017-08-13 12:00:00,14.876666069030762,14.56308364868164
496,2017-08-13 12:20:00,14.949999809265137,14.679499626159668
497,2017-08-13 12:40:00,14.928333282470703,14.318249702453613
498,2017-08-13 13:00:00,14.885832786560059,14.452667236328125
499,2017-08-13 13:20:00,14.902520179748535,14.537982940673828
500,2017-08-13 13:40:00,14.952499389648438,14.532166481018066
501,2017-08-13 14:00:00,14.925832748413086,14.691666603088379
502,2017-08-13 14:20:00,14.837499618530273,14.684082984924316
503,2017-08-13 14:40:00,14.701666831970215,14.602250099182129
504,2017-08-13 15:00:00,14.78499984741211,14.583499908447266
505,2017-08-13 15:20:00,14.459166526794434,14.644332885742188
506,2017-08-13 15:40:00,14.279999732971191,14.589583396911621
507,2017-08-13 16:00:00,14.6487398147583,14.558571815490723
508,2017-08-13 16:20:00,14.852499961853027,14.737500190734863
509,2017-08-13 16:40:00,15.115833282470703,14.635833740234375
510,2017-08-13 17:00:00,15.100000381469727,14.638250350952148
511,2017-08-13 17:20:00,15.197500228881836,14.76491641998291
512,2017-08-13 17:40:00,14.989999771118164,14.726249694824219
513,2017-08-13 18:00:00,14.795000076293945,14.765083312988281
514,2017-08-13 18:20:00,14.61833381652832,14.591416358947754
515,2017-08-13 18:40:00,14.907500267028809,14.6989164352417
516,2017-08-13 19:00:00,15.172268867492676,14.795125961303711
517,2017-08-13 19:20:00,15.28083324432373,14.767083168029785
518,2017-08-13 19:40:00,14.973333358764648,14.587333679199219
519,2017-08-13 20:00:00,14.90250015258789,14.647417068481445
520,2017-08-13 20:20:00,15.272500038146973,14.773750305175781
521,2017-08-13 20:40:00,15.251667022705078,14.903916358947754
522,2017-08-13 21:00:00,15.429166793823242,14.866499900817871
523,2017-08-13 21:20:00,15.357500076293945,14.740666389465332
524,2017-08-13 21:40:00,15.248739242553711,14.678571701049805
525,2017-08-13 22:00:00,14.831666946411133,14.773750305175781
526,2017-08-13 22:20:00,14.805832862854004,14.701499938964844
527,2017-08-13 22:40:00,14.804166793823242,14.795249938964844
528,2017-08-13 23:00:00,14.694999694824219,14.654833793640137
529,2017-08-13 23:20:00,14.78166675567627,14.842416763305664
530,2017-08-13 23:40:00,14.831666946411133,14.625666618347168
531,2017-08-14 00:00:00,14.928447723388672,14.686552047729492
532,2017-08-14 00:20:00,14.870833396911621,14.597166061401367
533,2017-08-14 00:40:00,14.729166984558105,14.56933307647705
534,2017-08-14 01:00:00,14.875833511352539,14.51099967956543
535,2017-08-14 01:20:00,14.96583366394043,14.653666496276855
536,2017-08-14 01:40:00,14.914999961853027,14.485166549682617
537,2017-08-14 02:00:00,14.966667175292969,14.514416694641113
538,2017-08-14 02:20:00,14.992500305175781,14.692166328430176
539,2017-08-14 02:40:00,15.09579849243164,14.606471061706543
540,2017-08-14 03:00:00,15.105834007263184,14.677416801452637
541,2017-08-14 03:20:00,15.057499885559082,14.635333061218262
542,2017-08-14 03:40:00,15.245833396911621,14.74566650390625
543,2017-08-14 04:00:00,15.400833129882812,14.655333518981934
544,2017-08-14 04:20:00,15.507499694824219,14.652083396911621
545,2017-08-14 04:40:00,15.72249984741211,14.590083122253418
546,2017-08-14 05:00:00,15.569167137145996,14.56583309173584
547,2017-08-14 05:20:00,15.573949813842773,14.720503807067871
548,2017-08-14 05:40:00,15.760833740234375,14.744416236877441
549,2017-08-14 06:00:00,15.600833892822266,14.835583686828613
550,2017-08-14 06:20:00,15.3725004196167,14.729583740234375
551,2017-08-14 06:40:00,15.392499923706055,14.776666641235352
552,2017-08-14 07:00:00,15.607500076293945,14.830750465393066
553,2017-08-14 07:20:00,15.550000190734863,14.817667007446289
554,2017-08-14 07:40:00,15.645000457763672,14.783416748046875
555,2017-08-14 08:00:00,15.352941513061523,14.807646751403809
556,2017-08-14 08:20:00,15.452499389648438,14.663666725158691
557,2017-08-14 08:40:00,15.515833854675293,14.704916954040527
558,2017-08-14 09:00:00,15.515000343322754,14.732832908630371
559,2017-08-14 09:20:00,15.335833549499512,14.764833450317383
560,2017-08-14 10:00:00,15.370833396911621,14.775917053222656
561,2017-08-14 10:20:00,15.118332862854004,14.795833587646484
562,2017-08-14 10:40:00,14.879166603088379,14.767582893371582
563,2017-08-14 11:00:00,14.765545845031738,14.675461769104004
564,2017-08-14 11:20:00,14.887499809265137,14.7385835647583
565,2017-08-14 11:40:00,14.959166526794434,14.666916847229004
566,2017-08-14 12:00:00,15.03499984741211,14.689749717712402
567,2017-08-14 12:20:00,15.071666717529297,14.65725040435791
568,2017-08-14 12:40:00,15.259166717529297,14.613166809082031
569,2017-08-14 13:00:00,15.404999732971191,14.611666679382324
570,2017-08-14 13:20:00,15.509166717529297,14.641666412353516
571,2017-08-14 13:40:00,15.600000381469727,14.56100845336914
572,2017-08-14 14:00:00,15.519166946411133,14.6222505569458
573,2017-08-14 14:20:00,15.550000190734863,14.649499893188477
574,2017-08-14 14:40:00,15.435832977294922,14.698583602905273
575,2017-08-14 15:00:00,15.308333396911621,14.587082862854004
576,2017-08-14 15:20:00,15.143333435058594,14.463500022888184
577,2017-08-14 15:40:00,15.242500305175781,14.48941707611084
578,2017-08-14 16:00:00,15.183333396911621,14.57491683959961
579,2017-08-14 16:20:00,15.208403587341309,14.596806526184082
580,2017-08-14 16:40:00,15.096667289733887,14.689249992370605
581,2017-08-14 17:00:00,15.27833366394043,14.590083122253418
582,2017-08-14 17:20:00,15.244166374206543,14.684333801269531
583,2017-08-14 17:40:00,15.100000381469727,14.620333671569824
584,2017-08-14 18:00:00,14.8100004196167,14.663249969482422
585,2017-08-14 18:20:00,14.667500495910645,14.599166870117188
586,2017-08-14 18:40:00,14.709166526794434,14.503167152404785
587,2017-08-14 19:00:00,14.724166870117188,14.44225025177002
588,2017-08-14 19:20:00,14.654622077941895,14.529664039611816
589,2017-08-14 19:40:00,14.772500038146973,14.521750450134277
590,2017-08-14 20:00:00,14.824999809265137,14.561249732971191
591,2017-08-14 20:20:00,14.78499984741211,14.630167007446289
592,2017-08-14 20:40:00,14.811666488647461,14.616833686828613
593,2017-08-14 21:00:00,14.68416690826416,14.568166732788086
594,2017-08-14 21:20:00,14.723333358764648,14.572333335876465
595,2017-08-14 21:40:00,14.697500228881836,14.590666770935059
596,2017-08-14 23:00:00,14.049166679382324,14.546916961669922
597,2017-08-16 05:00:00,14.811666488647461,14.220000267028809
598,2017-09-23 22:40:00,14.739166259765625,14.689583778381348
599,2017-09-24 00:20:00,14.565000534057617,14.603583335876465
600,2017-09-24 00:40:00,14.680832862854004,14.656499862670898
601,2017-09-24 13:00:00,14.744999885559082,14.461250305175781
602,2017-09-24 13:20:00,14.867500305175781,14.503582954406738
603,2017-09-24 13:40:00,14.861344337463379,14.504621505737305
604,2017-09-24 14:00:00,15.029999732971191,14.564332962036133
605,2017-09-24 14:20:00,15.104166984558105,14.5912504196167
606,2017-09-24 14:40:00,15.089166641235352,14.589083671569824
607,2017-09-24 15:00:00,15.067500114440918,14.555583000183105
608,2017-09-24 15:20:00,14.788333892822266,14.593583106994629
609,2017-09-24 15:40:00,14.592500686645508,14.492166519165039
610,2017-09-24 16:00:00,14.396666526794434,14.603583335876465
611,2017-09-24 16:20:00,14.411764144897461,14.661344528198242
612,2017-09-24 16:40:00,14.467499732971191,14.587082862854004
613,2017-09-24 17:00:00,14.84999942779541,14.693583488464355
614,2017-09-24 17:20:00,14.90583324432373,14.698166847229004
615,2017-09-24 17:40:00,15.259166717529297,14.677583694458008
616,2017-09-24 18:00:00,15.229999542236328,14.690250396728516
617,2017-09-24 18:20:00,15.385832786560059,14.716750144958496
618,2017-09-24 18:40:00,15.0,14.644749641418457
619,2017-09-24 19:00:00,14.924166679382324,14.714750289916992
620,2017-09-24 19:20:00,15.01008415222168,14.700504302978516
621,2017-09-24 19:40:00,14.941666603088379,14.740666389465332
622,2017-09-24 20:00:00,14.88166618347168,14.648833274841309
623,2017-09-24 20:20:00,15.190000534057617,14.591083526611328
624,2017-09-24 20:40:00,15.185832977294922,14.752083778381348
625,2017-09-24 21:00:00,14.979166984558105,14.68025016784668
626,2017-09-24 21:20:00,14.792499542236328,14.704583168029785
627,2017-09-24 21:40:00,14.855833053588867,14.705666542053223
628,2017-09-24 22:00:00,14.802520751953125,14.693613052368164
629,2017-09-24 22:20:00,14.834166526794434,14.662583351135254
630,2017-09-24 22:40:00,14.773333549499512,14.686666488647461
631,2017-09-24 23:00:00,14.585000038146973,14.719499588012695
632,2017-09-24 23:20:00,14.837499618530273,14.651833534240723
633,2017-09-25 00:00:00,14.649137496948242,14.639310836791992
634,2017-09-25 00:20:00,14.727499961853027,14.630167007446289
635,2017-09-25 00:40:00,14.857500076293945,14.710416793823242
636,2017-09-25 01:00:00,14.926666259765625,14.726249694824219
637,2017-09-25 01:20:00,14.933333396911621,14.826582908630371
638,2017-09-25 01:40:00,14.927499771118164,14.806916236877441
639,2017-09-25 02:20:00,15.129411697387695,14.708066940307617
640,2017-09-25 02:40:00,15.292500495910645,14.770833015441895
641,2017-09-25 03:00:00,15.267499923706055,14.670916557312012
642,2017-09-25 03:20:00,14.732500076293945,14.515166282653809
643,2017-09-25 03:40:00,14.839166641235352,14.507416725158691
644,2017-09-25 04:00:00,15.154167175292969,14.58941650390625
645,2017-09-25 04:20:00,14.986666679382324,14.736583709716797
646,2017-09-25 04:40:00,14.927499771118164,14.646666526794434
647,2017-09-25 05:00:00,14.823529243469238,14.772269248962402
648,2017-09-25 05:20:00,14.958333015441895,14.646249771118164
649,2017-09-25 05:40:00,14.831666946411133,14.639166831970215
650,2017-09-25 06:00:00,14.825833320617676,14.545416831970215
651,2017-09-25 06:20:00,14.820833206176758,14.685333251953125
652,2017-09-25 06:40:00,14.917499542236328,14.670332908630371
653,2017-09-25 07:00:00,15.024999618530273,14.629166603088379
654,2017-09-25 07:20:00,14.875833511352539,14.72208309173584
655,2017-09-25 07:40:00,14.870588302612305,14.694622039794922
656,2017-09-25 08:00:00,14.767499923706055,14.57925033569336
657,2017-09-25 08:20:00,15.015000343322754,14.610416412353516
658,2017-09-25 08:40:00,15.3125,14.647083282470703
659,2017-09-25 09:00:00,14.960833549499512,14.693666458129883
660,2017-09-25 09:20:00,14.645833015441895,14.681333541870117
661,2017-09-25 09:40:00,14.585000038146973,14.580249786376953
662,2017-09-25 10:00:00,14.956666946411133,14.589249610900879
663,2017-09-25 10:20:00,14.882352828979492,14.706302642822266
664,2017-09-25 10:40:00,14.825833320617676,14.66925048828125
665,2017-09-25 11:00:00,14.857500076293945,14.685999870300293
666,2017-09-25 11:20:00,14.600833892822266,14.760333061218262
667,2017-09-25 11:40:00,14.53166675567627,14.747166633605957
668,2017-09-25 12:00:00,14.72583293914795,14.752249717712402
669,2017-09-25 12:20:00,14.739166259765625,14.754500389099121
670,2017-09-25 12:40:00,14.845832824707031,14.7614164352417
671,2017-09-25 13:00:00,14.738333702087402,14.744000434875488
672,2017-09-25 13:20:00,14.69579792022705,14.68621826171875
673,2017-09-25 13:40:00,14.854166984558105,14.581083297729492
674,2017-09-25 14:00:00,14.9399995803833,14.691166877746582
675,2017-09-25 14:20:00,14.864999771118164,14.683083534240723
676,2017-09-25 14:40:00,14.686666488647461,14.656499862670898
677,2017-09-25 15:00:00,14.639166831970215,14.660916328430176
678,2017-09-25 15:20:00,14.712499618530273,14.601249694824219
679,2017-09-25 15:40:00,14.720000267028809,14.687582969665527
680,2017-09-25 16:00:00,14.861344337463379,14.574873924255371
681,2017-09-26 14:00:00,14.203332901000977,14.427083015441895
682,2017-09-26 14:20:00,14.182499885559082,14.478500366210938
683,2017-09-26 14:40:00,14.25,14.555083274841309
684,2017-09-26 15:00:00,14.53166675567627,14.539666175842285
685,2017-09-26 15:20:00,14.774999618530273,14.590167045593262
686,2017-09-26 15:40:00,14.84749984741211,14.605500221252441
687,2017-09-26 16:00:00,14.729166984558105,14.602250099182129
688,2017-09-26 16:20:00,14.825833320617676,14.51633358001709
689,2017-09-26 16:40:00,15.12605094909668,14.578739166259766
690,2017-09-26 17:00:00,15.014166831970215,14.691916465759277
691,2017-09-26 17:20:00,14.9399995803833,14.627083778381348
692,2017-09-26 17:40:00,14.914999961853027,14.5711669921875
693,2017-09-26 18:00:00,14.976666450500488,14.536916732788086
694,2017-09-26 18:20:00,15.115833282470703,14.478416442871094
695,2017-09-26 18:40:00,15.169166564941406,14.518500328063965
696,2017-09-26 19:00:00,15.244166374206543,14.517833709716797
697,2017-09-26 19:20:00,15.261344909667969,14.517058372497559
698,2017-09-26 19:40:00,15.279167175292969,14.502416610717773
699,2017-09-26 20:00:00,15.264166831970215,14.715916633605957
700,2017-09-26 20:20:00,15.296667098999023,14.649083137512207
701,2017-09-26 20:40:00,15.441666603088379,14.536999702453613
702,2017-09-26 21:00:00,15.588334083557129,14.424416542053223
703,2017-09-26 21:20:00,15.551667213439941,14.52025032043457
704,2017-09-26 21:40:00,15.458333015441895,14.541916847229004
705,2017-09-26 22:00:00,15.318333625793457,14.717916488647461
706,2017-09-26 22:20:00,15.181512832641602,14.654369354248047
707,2017-09-26 22:40:00,15.015000343322754,14.689749717712402
708,2017-09-26 23:00:00,14.946666717529297,14.633916854858398
709,2017-09-26 23:20:00,14.993332862854004,14.749083518981934
710,2017-09-26 23:40:00,14.823333740234375,14.81391716003418
711,2017-09-27 00:00:00,14.637930870056152,14.660603523254395
712,2017-09-27 00:20:00,14.725000381469727,14.733750343322754
713,2017-09-27 00:40:00,14.758333206176758,14.73741626739502
714,2017-09-27 01:00:00,14.914166450500488,14.76258373260498
715,2017-09-27 01:20:00,14.77416706085205,14.609167098999023
716,2017-09-27 01:40:00,14.872499465942383,14.631500244140625
717,2017-09-27 02:00:00,15.074167251586914,14.553166389465332
718,2017-09-27 02:20:00,15.137815475463867,14.609915733337402
719,2017-09-27 02:40:00,15.050000190734863,14.612083435058594
720,2017-09-27 03:00:00,14.953332901000977,14.686750411987305
721,2017-09-27 03:20:00,14.830833435058594,14.761916160583496
722,2017-09-27 03:40:00,14.845832824707031,14.645166397094727
723,2017-09-27 04:00:00,14.935832977294922,14.749833106994629
724,2017-09-27 04:20:00,14.976666450500488,14.584833145141602
725,2017-09-27 04:40:00,14.884166717529297,14.445416450500488
726,2017-09-27 05:00:00,15.046218872070312,14.570672035217285
727,2017-09-27 05:20:00,15.092499732971191,14.642666816711426
728,2017-09-27 06:00:00,14.8100004196167,14.549249649047852
729,2017-09-27 06:20:00,14.889166831970215,14.551666259765625
730,2017-09-27 06:40:00,15.238333702087402,14.61591625213623
731,2017-09-27 07:00:00,15.233333587646484,14.580499649047852
732,2017-09-27 08:00:00,15.089076042175293,14.762017250061035
733,2017-09-27 08:20:00,15.025833129882812,14.606583595275879
734,2017-09-27 08:40:00,15.181666374206543,14.726583480834961
735,2017-09-27 09:00:00,14.987500190734863,14.54574966430664
736,2017-09-27 10:00:00,14.771666526794434,14.437833786010742
737,2017-09-27 10:20:00,14.851666450500488,14.56149959564209
738,2017-09-27 10:40:00,14.854621887207031,14.586134910583496
739,2017-09-27 11:00:00,14.579166412353516,14.603750228881836
740,2017-09-27 11:20:00,14.553333282470703,14.512332916259766
741,2017-09-27 11:40:00,14.723333358764648,14.599166870117188
742,2017-09-27 12:00:00,14.748332977294922,14.642833709716797
743,2017-09-27 12:20:00,14.680832862854004,14.693583488464355
744,2017-09-27 12:40:00,14.734167098999023,14.65683364868164
745,2017-09-27 13:00:00,14.845000267028809,14.714249610900879
746,2017-09-27 13:20:00,14.968907356262207,14.663529396057129
747,2017-09-27 13:40:00,15.313333511352539,14.568416595458984
748,2017-09-27 14:00:00,15.289166450500488,14.755916595458984
749,2017-09-27 14:20:00,15.203332901000977,14.720749855041504
750,2017-09-27 14:40:00,15.34666633605957,14.61674976348877
751,2017-09-27 15:00:00,15.309999465942383,14.698333740234375
752,2017-09-27 15:20:00,15.21166706085205,14.70008373260498
753,2017-09-27 15:40:00,14.970832824707031,14.717333793640137
754,2017-09-27 16:00:00,14.903332710266113,14.652667045593262
755,2017-09-27 16:20:00,14.94705867767334,14.700167655944824
756,2017-09-27 16:40:00,15.117500305175781,14.696083068847656
757,2017-09-27 17:00:00,15.199166297912598,14.668916702270508
758,2017-09-27 17:20:00,15.175000190734863,14.658166885375977
759,2017-09-27 17:40:00,15.085833549499512,14.682000160217285
760,2017-09-27 18:00:00,15.108333587646484,14.688416481018066
761,2017-09-27 18:20:00,15.060833930969238,14.638583183288574
762,2017-09-27 18:40:00,15.03499984741211,14.622666358947754
763,2017-09-27 19:00:00,14.932772636413574,14.672689437866211
764,2017-09-27 19:20:00,15.013333320617676,14.732333183288574
765,2017-09-27 19:40:00,15.175833702087402,14.65333366394043
766,2017-09-27 20:00:00,15.190000534057617,14.838333129882812
767,2017-09-27 20:20:00,15.306666374206543,14.839750289916992
768,2017-09-27 20:40:00,15.28833293914795,14.788749694824219
769,2017-09-27 21:00:00,15.263333320617676,14.735333442687988
770,2017-09-27 21:20:00,15.185832977294922,14.791500091552734
771,2017-09-27 22:00:00,15.205041885375977,14.494874000549316
772,2017-09-27 22:20:00,15.369166374206543,14.704667091369629
773,2017-09-27 22:40:00,15.556666374206543,14.627333641052246
774,2017-09-27 23:00:00,15.206666946411133,14.67508316040039
775,2017-09-27 23:20:00,15.024999618530273,14.783249855041504
776,2017-09-27 23:40:00,14.703333854675293,14.611916542053223
777,2017-09-28 00:00:00,14.76810359954834,14.691121101379395
778,2017-09-28 00:20:00,15.020000457763672,14.69849967956543
779,2017-09-28 00:40:00,15.252500534057617,14.655166625976562
780,2017-09-28 01:00:00,15.595000267028809,14.608916282653809
781,2017-09-28 01:20:00,15.564167022705078,14.575666427612305
782,2017-09-28 01:40:00,15.579167366027832,14.646666526794434
783,2017-09-28 02:00:00,15.607500076293945,14.682000160217285
784,2017-09-28 02:20:00,15.667226791381836,14.610336303710938
785,2017-09-28 02:40:00,15.608333587646484,14.558666229248047
786,2017-09-28 03:00:00,15.517499923706055,14.491000175476074
787,2017-09-28 03:20:00,15.480833053588867,14.53225040435791
788,2017-09-28 03:40:00,15.667499542236328,14.631083488464355
789,2017-09-28 04:00:00,15.511666297912598,14.673749923706055
790,2017-09-28 04:20:00,15.237500190734863,14.632833480834961
791,2017-09-28 04:40:00,15.125,14.613499641418457
792,2017-09-28 05:00:00,15.143697738647461,14.68344497680664
793,2017-09-28 05:20:00,15.170833587646484,14.685750007629395
794,2017-09-28 05:40:00,15.308333396911621,14.683833122253418
795,2017-09-28 06:00:00,15.324166297912598,14.693666458129883
796,2017-09-28 06:20:00,15.162500381469727,14.606416702270508
797,2017-09-28 06:40:00,15.14916706085205,14.590916633605957
798,2017-09-28 07:40:00,15.300000190734863,14.562166213989258
799,2017-09-28 15:40:00,15.285833358764648,14.498749732971191
800,2017-09-28 16:00:00,15.327500343322754,14.49625015258789
801,2017-09-28 16:20:00,15.262185096740723,14.545798301696777
802,2017-09-28 19:20:00,15.079999923706055,14.42116641998291
803,2017-09-28 19:40:00,15.251667022705078,14.493249893188477
804,2017-09-28 20:00:00,15.120833396911621,14.603166580200195
805,2017-09-28 20:20:00,15.285833358764648,14.611166954040527
806,2017-09-28 20:40:00,15.418333053588867,14.616499900817871
807,2017-09-28 21:00:00,15.456666946411133,14.639166831970215
808,2017-09-28 21:20:00,15.489999771118164,14.635250091552734
809,2017-09-28 21:40:00,15.533333778381348,14.663749694824219
810,2017-09-28 22:00:00,15.446218490600586,14.709243774414062
811,2017-09-28 22:20:00,15.382499694824219,14.711583137512207
812,2017-09-28 22:40:00,15.35083293914795,14.696582794189453
813,2017-09-28 23:00:00,15.380833625793457,14.639583587646484
814,2017-09-28 23:20:00,15.464166641235352,14.702249526977539
815,2017-09-28 23:40:00,15.459166526794434,14.677499771118164
816,2017-09-29 00:00:00,15.534482955932617,14.672586441040039
817,2017-09-29 00:20:00,15.493332862854004,14.654749870300293
818,2017-09-29 00:40:00,15.55666732788086,14.696833610534668
819,2017-09-29 01:00:00,15.43416690826416,14.704416275024414
820,2017-09-29 01:20:00,15.338333129882812,14.7100830078125
821,2017-09-29 01:40:00,15.13166618347168,14.72583293914795
822,2017-09-29 02:00:00,14.979999542236328,14.668416976928711
823,2017-09-29 02:20:00,14.9672269821167,14.687479019165039
824,2017-09-29 02:40:00,14.927499771118164,14.651249885559082
825,2017-09-29 03:00:00,14.96833324432373,14.670666694641113
826,2017-09-29 03:20:00,15.042500495910645,14.688916206359863
827,2017-09-29 03:40:00,15.05916690826416,14.672082901000977
828,2017-09-29 04:00:00,15.200833320617676,14.599666595458984
829,2017-09-29 04:20:00,15.427499771118164,14.608083724975586
830,2017-09-29 04:40:00,15.308333396911621,14.695666313171387
831,2017-09-29 05:00:00,15.400839805603027,14.699999809265137
832,2017-09-29 05:20:00,15.55916690826416,14.617166519165039
833,2017-09-29 05:40:00,15.41333293914795,14.664000511169434
834,2017-09-29 06:00:00,15.164999961853027,14.496166229248047
835,2017-09-29 06:20:00,15.314166069030762,14.523833274841309
836,2017-09-29 06:40:00,15.462499618530273,14.641083717346191
837,2017-09-29 07:00:00,15.270833015441895,14.673666954040527
838,2017-09-29 07:20:00,14.967499732971191,14.656999588012695
839,2017-09-29 07:40:00,14.899999618530273,14.654749870300293
840,2017-09-29 08:00:00,14.874789237976074,14.670419692993164
841,2017-09-29 08:20:00,14.83666706085205,14.720999717712402
842,2017-09-29 08:40:00,14.869166374206543,14.70674991607666
843,2017-09-29 09:00:00,14.739999771118164,14.720916748046875
844,2017-09-29 09:20:00,14.677499771118164,14.762166976928711
845,2017-09-29 09:40:00,14.646666526794434,14.74233341217041
846,2017-09-29 10:00:00,14.545833587646484,14.667583465576172
847,2017-09-29 10:20:00,14.743332862854004,14.670916557312012
848,2017-09-29 10:40:00,14.757983207702637,14.760756492614746
849,2017-09-29 11:00:00,14.88499927520752,14.85200023651123
850,2017-09-29 11:20:00,15.039166450500488,14.828499794006348
851,2017-09-29 11:40:00,14.889166831970215,14.728250503540039
852,2017-09-29 12:00:00,14.664166450500488,14.687749862670898
853,2017-09-29 12:20:00,14.808333396911621,14.774749755859375
854,2017-09-29 12:40:00,14.47249984741211,14.728416442871094
855,2017-09-29 13:00:00,14.52416706085205,14.844083786010742
856,2017-09-29 13:20:00,14.394166946411133,14.678250312805176
857,2017-09-29 13:40:00,14.463865280151367,14.734201431274414
858,2017-09-29 14:00:00,14.363333702087402,14.697999954223633
859,2017-09-29 14:20:00,14.595833778381348,14.73075008392334
860,2017-09-29 14:40:00,14.564167022705078,14.61299991607666
861,2017-09-29 16:20:00,14.624369621276855,14.662184715270996
862,2017-09-29 16:40:00,14.52750015258789,14.620750427246094
863,2017-09-29 17:00:00,14.610000610351562,14.676583290100098
864,2017-09-29 17:40:00,14.770833015441895,14.747666358947754
865,2017-09-29 18:00:00,14.299166679382324,14.736666679382324
866,2017-09-29 18:20:00,14.228333473205566,14.65916633605957
867,2017-09-29 18:40:00,14.35083293914795,14.672749519348145
868,2017-09-29 19:00:00,14.271429061889648,14.680419921875
869,2017-09-29 19:20:00,14.168333053588867,14.734999656677246
870,2017-09-29 19:40:00,13.992500305175781,14.747333526611328
871,2017-09-29 20:00:00,14.03083324432373,14.713000297546387
872,2017-09-29 20:20:00,13.970832824707031,14.719916343688965
873,2017-09-29 20:40:00,14.015000343322754,14.702666282653809
874,2017-09-29 21:00:00,14.058333396911621,14.730250358581543
875,2017-09-29 21:20:00,14.199167251586914,14.64383316040039
876,2017-09-29 21:40:00,14.230833053588867,14.662083625793457
877,2017-09-29 22:00:00,14.5327730178833,14.558403015136719
878,2017-09-29 22:20:00,14.617500305175781,14.584083557128906
879,2017-09-29 23:20:00,14.407500267028809,14.802916526794434
880,2017-09-29 23:40:00,14.389166831970215,14.765999794006348
881,2017-09-30 00:00:00,14.323275566101074,14.633103370666504
882,2017-09-30 00:20:00,14.289166450500488,14.566333770751953
883,2017-09-30 00:40:00,14.166666984558105,14.50291633605957
884,2017-09-30 01:00:00,14.238333702087402,14.769583702087402
885,2017-09-30 01:20:00,14.157500267028809,14.610750198364258
886,2017-09-30 01:40:00,14.193333625793457,14.639249801635742
887,2017-09-30 02:00:00,14.579999923706055,14.564332962036133
888,2017-09-30 02:20:00,15.043333053588867,14.685999870300293
889,2017-09-30 02:40:00,15.229412078857422,14.699159622192383
890,2017-09-30 03:00:00,15.099166870117188,14.810333251953125
891,2017-09-30 03:20:00,14.587499618530273,14.784417152404785
892,2017-09-30 03:40:00,14.462499618530273,14.710833549499512
893,2017-09-30 04:00:00,14.634166717529297,14.695666313171387
894,2017-09-30 04:20:00,14.783332824707031,14.734749794006348
895,2017-09-30 04:40:00,14.506667137145996,14.744416236877441
896,2017-09-30 05:00:00,14.28416633605957,14.691499710083008
897,2017-09-30 05:20:00,14.313445091247559,14.709916114807129
898,2017-09-30 05:40:00,14.1875,14.675833702087402
899,2017-09-30 06:00:00,14.331666946411133,14.623000144958496
900,2017-09-30 06:20:00,14.484999656677246,14.64900016784668
901,2017-09-30 06:40:00,14.46583366394043,14.647916793823242
902,2017-09-30 07:00:00,14.636666297912598,14.653166770935059
903,2017-09-30 07:20:00,14.779999732971191,14.689833641052246
904,2017-09-30 07:40:00,14.942500114440918,14.680999755859375
905,2017-09-30 08:00:00,14.901666641235352,14.717166900634766
906,2017-09-30 08:20:00,14.890755653381348,14.628739356994629
907,2017-09-30 08:40:00,14.917499542236328,14.613333702087402
908,2017-09-30 09:00:00,15.089166641235352,14.587750434875488
909,2017-09-30 09:20:00,15.160833358764648,14.616499900817871
910,2017-09-30 09:40:00,15.151666641235352,14.615750312805176
911,2017-09-30 10:00:00,15.15666675567627,14.690999984741211
912,2017-09-30 10:20:00,14.950833320617676,14.66100025177002
913,2017-09-30 10:40:00,14.893333435058594,14.58941650390625
914,2017-09-30 11:00:00,14.986554145812988,14.57302474975586
915,2017-09-30 11:20:00,15.098333358764648,14.56683349609375
916,2017-09-30 11:40:00,15.039166450500488,14.492250442504883
917,2017-09-30 13:00:00,15.230833053588867,14.52458381652832
918,2017-09-30 13:20:00,15.415833473205566,14.614583015441895
919,2017-09-30 13:40:00,15.4672269821167,14.64411735534668
920,2017-09-30 14:00:00,15.466666221618652,14.575333595275879
921,2017-09-30 14:20:00,15.466666221618652,14.614666938781738
922,2017-09-30 14:40:00,15.624166488647461,14.666083335876465
923,2017-09-30 15:00:00,15.470000267028809,14.642250061035156
924,2017-09-30 15:20:00,15.516666412353516,14.559916496276855
925,2017-09-30 18:20:00,15.05666732788086,14.602167129516602
926,2017-09-30 18:40:00,15.113333702087402,14.634583473205566
